scenario,model_key,n,p,s2,repeat,seed,config_id,varied_parameter,m,alpha,beta,k,precision_raw_local,recall_raw_local,f1_raw_local,r_miss_raw_local,n_selected_raw_local,precision_raw_global_max,recall_raw_global_max,f1_raw_global_max,r_miss_raw_global_max,n_selected_raw_global_max,precision_raw_global_se,recall_raw_global_se,f1_raw_global_se,r_miss_raw_global_se,n_selected_raw_global_se,precision_logml_local,recall_logml_local,f1_logml_local,r_miss_logml_local,n_selected_logml_local,precision_logml_global_max,recall_logml_global_max,f1_logml_global_max,r_miss_logml_global_max,n_selected_logml_global_max,precision_logml_global_se,recall_logml_global_se,f1_logml_global_se,r_miss_logml_global_se,n_selected_logml_global_se,status,error
cc1,continuous,500,50,1.0,0,3205166699,reference,reference,20,0.95,2.0,2.0,0.7142857142857143,1.0,0.8333333333333333,0.0,7.0,1.0,0.8,0.888888888888889,1.0,4.0,1.0,0.6,0.7499999999999999,1.0,3.0,1.0,0.8,0.888888888888889,1.0,4.0,1.0,0.6,0.7499999999999999,1.0,3.0,1.0,0.8,0.888888888888889,1.0,4.0,complete,
cc1,continuous,500,50,1.0,0,3205166699,m_low,m,10,0.95,2.0,2.0,0.8333333333333334,1.0,0.9090909090909091,0.0,6.0,1.0,1.0,1.0,0.0,5.0,1.0,1.0,1.0,0.0,5.0,1.0,0.8,0.888888888888889,1.0,4.0,1.0,0.6,0.7499999999999999,1.0,3.0,1.0,0.8,0.888888888888889,1.0,4.0,complete,
cc1,continuous,500,50,1.0,0,3205166699,m_high,m,50,0.95,2.0,2.0,0.8333333333333334,1.0,0.9090909090909091,0.0,6.0,1.0,1.0,1.0,0.0,5.0,0.8333333333333334,1.0,0.9090909090909091,0.0,6.0,1.0,1.0,1.0,0.0,5.0,1.0,0.6,0.7499999999999999,1.0,3.0,1.0,1.0,1.0,0.0,5.0,complete,
cc1,continuous,500,50,1.0,0,3205166699,beta_low,beta,20,0.95,1.0,2.0,0.8333333333333334,1.0,0.9090909090909091,0.0,6.0,1.0,0.8,0.888888888888889,1.0,4.0,0.8333333333333334,1.0,0.9090909090909091,0.0,6.0,1.0,1.0,1.0,0.0,5.0,1.0,0.8,0.888888888888889,1.0,4.0,1.0,0.8,0.888888888888889,1.0,4.0,complete,
cc1,continuous,500,50,1.0,0,3205166699,beta_high,beta,20,0.95,3.0,2.0,0.5714285714285714,0.8,0.6666666666666666,1.0,7.0,1.0,0.8,0.888888888888889,1.0,4.0,0.8,0.8,0.8000000000000002,1.0,5.0,1.0,0.8,0.888888888888889,1.0,4.0,1.0,0.6,0.7499999999999999,1.0,3.0,1.0,0.8,0.888888888888889,1.0,4.0,complete,
cc1,continuous,500,50,1.0,0,3205166699,k_low,k,20,0.95,2.0,1.0,1.0,1.0,1.0,0.0,5.0,1.0,0.8,0.888888888888889,1.0,4.0,1.0,1.0,1.0,0.0,5.0,1.0,0.8,0.888888888888889,1.0,4.0,1.0,0.6,0.7499999999999999,1.0,3.0,1.0,0.8,0.888888888888889,1.0,4.0,complete,
cc1,continuous,500,50,1.0,0,3205166699,k_high,k,20,0.95,2.0,3.0,1.0,1.0,1.0,0.0,5.0,1.0,0.6,0.7499999999999999,1.0,3.0,1.0,0.6,0.7499999999999999,1.0,3.0,1.0,0.8,0.888888888888889,1.0,4.0,1.0,0.4,0.5714285714285715,1.0,2.0,1.0,0.8,0.888888888888889,1.0,4.0,complete,
cc1,continuous,500,50,1.0,1,35825411,reference,reference,20,0.95,2.0,2.0,0.7142857142857143,1.0,0.8333333333333333,0.0,7.0,1.0,0.6,0.7499999999999999,1.0,3.0,1.0,1.0,1.0,0.0,5.0,1.0,1.0,1.0,0.0,5.0,1.0,0.6,0.7499999999999999,1.0,3.0,1.0,1.0,1.0,0.0,5.0,complete,
cc1,continuous,500,50,1.0,1,35825411,m_low,m,10,0.95,2.0,2.0,0.6666666666666666,0.8,0.7272727272727272,1.0,6.0,1.0,0.6,0.7499999999999999,1.0,3.0,1.0,0.6,0.7499999999999999,1.0,3.0,1.0,0.8,0.888888888888889,1.0,4.0,1.0,0.6,0.7499999999999999,1.0,3.0,1.0,0.8,0.888888888888889,1.0,4.0,complete,
cc1,continuous,500,50,1.0,1,35825411,m_high,m,50,0.95,2.0,2.0,0.8333333333333334,1.0,0.9090909090909091,0.0,6.0,1.0,1.0,1.0,0.0,5.0,1.0,1.0,1.0,0.0,5.0,1.0,1.0,1.0,0.0,5.0,1.0,0.8,0.888888888888889,1.0,4.0,1.0,1.0,1.0,0.0,5.0,complete,
cc1,continuous,500,50,1.0,1,35825411,beta_low,beta,20,0.95,1.0,2.0,1.0,1.0,1.0,0.0,5.0,1.0,0.8,0.888888888888889,1.0,4.0,1.0,1.0,1.0,0.0,5.0,1.0,1.0,1.0,0.0,5.0,1.0,0.6,0.7499999999999999,1.0,3.0,1.0,0.8,0.888888888888889,1.0,4.0,complete,
cc1,continuous,500,50,1.0,1,35825411,beta_high,beta,20,0.95,3.0,2.0,0.8333333333333334,1.0,0.9090909090909091,0.0,6.0,1.0,0.8,0.888888888888889,1.0,4.0,1.0,1.0,1.0,0.0,5.0,1.0,0.8,0.888888888888889,1.0,4.0,1.0,0.6,0.7499999999999999,1.0,3.0,1.0,0.8,0.888888888888889,1.0,4.0,complete,
cc1,continuous,500,50,1.0,1,35825411,k_low,k,20,0.95,2.0,1.0,0.8333333333333334,1.0,0.9090909090909091,0.0,6.0,1.0,0.8,0.888888888888889,1.0,4.0,1.0,1.0,1.0,0.0,5.0,1.0,1.0,1.0,0.0,5.0,1.0,0.6,0.7499999999999999,1.0,3.0,1.0,1.0,1.0,0.0,5.0,complete,
cc1,continuous,500,50,1.0,1,35825411,k_high,k,20,0.95,2.0,3.0,0.8333333333333334,1.0,0.9090909090909091,0.0,6.0,1.0,0.8,0.888888888888889,1.0,4.0,0.8,0.8,0.8000000000000002,1.0,5.0,1.0,0.8,0.888888888888889,1.0,4.0,1.0,0.8,0.888888888888889,1.0,4.0,1.0,0.8,0.888888888888889,1.0,4.0,complete,
cc1,continuous,500,50,1.0,2,2570402026,reference,reference,20,0.95,2.0,2.0,0.7142857142857143,1.0,0.8333333333333333,0.0,7.0,1.0,0.8,0.888888888888889,1.0,4.0,1.0,1.0,1.0,0.0,5.0,1.0,1.0,1.0,0.0,5.0,1.0,0.6,0.7499999999999999,1.0,3.0,1.0,0.8,0.888888888888889,1.0,4.0,complete,
cc1,continuous,500,50,1.0,2,2570402026,m_low,m,10,0.95,2.0,2.0,0.7142857142857143,1.0,0.8333333333333333,0.0,7.0,1.0,0.8,0.888888888888889,1.0,4.0,0.8,0.8,0.8000000000000002,1.0,5.0,0.8333333333333334,1.0,0.9090909090909091,0.0,6.0,1.0,0.6,0.7499999999999999,1.0,3.0,0.8333333333333334,1.0,0.9090909090909091,0.0,6.0,complete,
cc1,continuous,500,50,1.0,2,2570402026,m_high,m,50,0.95,2.0,2.0,0.625,1.0,0.7692307692307693,0.0,8.0,1.0,1.0,1.0,0.0,5.0,0.7142857142857143,1.0,0.8333333333333333,0.0,7.0,1.0,1.0,1.0,0.0,5.0,1.0,0.6,0.7499999999999999,1.0,3.0,1.0,1.0,1.0,0.0,5.0,complete,
cc1,continuous,500,50,1.0,2,2570402026,beta_low,beta,20,0.95,1.0,2.0,0.625,1.0,0.7692307692307693,0.0,8.0,1.0,0.6,0.7499999999999999,1.0,3.0,1.0,1.0,1.0,0.0,5.0,1.0,1.0,1.0,0.0,5.0,1.0,0.6,0.7499999999999999,1.0,3.0,1.0,1.0,1.0,0.0,5.0,complete,
cc1,continuous,500,50,1.0,2,2570402026,beta_high,beta,20,0.95,3.0,2.0,0.5555555555555556,1.0,0.7142857142857143,0.0,9.0,1.0,0.4,0.5714285714285715,1.0,2.0,1.0,0.6,0.7499999999999999,1.0,3.0,1.0,1.0,1.0,0.0,5.0,1.0,0.6,0.7499999999999999,1.0,3.0,1.0,0.8,0.888888888888889,1.0,4.0,complete,
cc1,continuous,500,50,1.0,2,2570402026,k_low,k,20,0.95,2.0,1.0,0.8333333333333334,1.0,0.9090909090909091,0.0,6.0,1.0,1.0,1.0,0.0,5.0,1.0,1.0,1.0,0.0,5.0,1.0,1.0,1.0,0.0,5.0,1.0,0.6,0.7499999999999999,1.0,3.0,1.0,0.8,0.888888888888889,1.0,4.0,complete,
cc1,continuous,500,50,1.0,2,2570402026,k_high,k,20,0.95,2.0,3.0,0.8333333333333334,1.0,0.9090909090909091,0.0,6.0,1.0,0.8,0.888888888888889,1.0,4.0,0.8333333333333334,1.0,0.9090909090909091,0.0,6.0,1.0,1.0,1.0,0.0,5.0,1.0,0.8,0.888888888888889,1.0,4.0,1.0,1.0,1.0,0.0,5.0,complete,
cc1,continuous,500,50,1.0,3,3515536757,reference,reference,20,0.95,2.0,2.0,0.8,0.8,0.8000000000000002,1.0,5.0,1.0,0.8,0.888888888888889,1.0,4.0,1.0,0.8,0.888888888888889,1.0,4.0,1.0,0.8,0.888888888888889,1.0,4.0,1.0,0.6,0.7499999999999999,1.0,3.0,1.0,0.8,0.888888888888889,1.0,4.0,complete,
cc1,continuous,500,50,1.0,3,3515536757,m_low,m,10,0.95,2.0,2.0,0.5555555555555556,1.0,0.7142857142857143,0.0,9.0,1.0,0.4,0.5714285714285715,1.0,2.0,0.8333333333333334,1.0,0.9090909090909091,0.0,6.0,1.0,0.8,0.888888888888889,1.0,4.0,1.0,0.6,0.7499999999999999,1.0,3.0,1.0,0.8,0.888888888888889,1.0,4.0,complete,
cc1,continuous,500,50,1.0,3,3515536757,m_high,m,50,0.95,2.0,2.0,0.7142857142857143,1.0,0.8333333333333333,0.0,7.0,1.0,1.0,1.0,0.0,5.0,1.0,1.0,1.0,0.0,5.0,1.0,0.8,0.888888888888889,1.0,4.0,1.0,0.6,0.7499999999999999,1.0,3.0,1.0,0.6,0.7499999999999999,1.0,3.0,complete,
cc1,continuous,500,50,1.0,3,3515536757,beta_low,beta,20,0.95,1.0,2.0,0.7142857142857143,1.0,0.8333333333333333,0.0,7.0,1.0,0.8,0.888888888888889,1.0,4.0,1.0,1.0,1.0,0.0,5.0,1.0,0.8,0.888888888888889,1.0,4.0,1.0,0.6,0.7499999999999999,1.0,3.0,1.0,0.8,0.888888888888889,1.0,4.0,complete,
cc1,continuous,500,50,1.0,3,3515536757,beta_high,beta,20,0.95,3.0,2.0,1.0,1.0,1.0,0.0,5.0,1.0,0.6,0.7499999999999999,1.0,3.0,1.0,0.8,0.888888888888889,1.0,4.0,1.0,0.8,0.888888888888889,1.0,4.0,1.0,0.6,0.7499999999999999,1.0,3.0,1.0,0.8,0.888888888888889,1.0,4.0,complete,
cc1,continuous,500,50,1.0,3,3515536757,k_low,k,20,0.95,2.0,1.0,0.8333333333333334,1.0,0.9090909090909091,0.0,6.0,1.0,0.8,0.888888888888889,1.0,4.0,1.0,0.8,0.888888888888889,1.0,4.0,1.0,0.8,0.888888888888889,1.0,4.0,1.0,0.6,0.7499999999999999,1.0,3.0,1.0,0.8,0.888888888888889,1.0,4.0,complete,
cc1,continuous,500,50,1.0,3,3515536757,k_high,k,20,0.95,2.0,3.0,0.625,1.0,0.7692307692307693,0.0,8.0,1.0,1.0,1.0,0.0,5.0,1.0,1.0,1.0,0.0,5.0,1.0,0.8,0.888888888888889,1.0,4.0,1.0,0.6,0.7499999999999999,1.0,3.0,1.0,0.8,0.888888888888889,1.0,4.0,complete,
cc1,continuous,500,50,1.0,4,2383792142,reference,reference,20,0.95,2.0,2.0,0.6666666666666666,0.8,0.7272727272727272,1.0,6.0,1.0,0.8,0.888888888888889,1.0,4.0,1.0,0.8,0.888888888888889,1.0,4.0,1.0,0.8,0.888888888888889,1.0,4.0,1.0,0.8,0.888888888888889,1.0,4.0,1.0,0.8,0.888888888888889,1.0,4.0,complete,
cc1,continuous,500,50,1.0,4,2383792142,m_low,m,10,0.95,2.0,2.0,0.5714285714285714,0.8,0.6666666666666666,1.0,7.0,1.0,0.6,0.7499999999999999,1.0,3.0,1.0,0.8,0.888888888888889,1.0,4.0,1.0,0.8,0.888888888888889,1.0,4.0,1.0,0.4,0.5714285714285715,1.0,2.0,1.0,0.8,0.888888888888889,1.0,4.0,complete,
cc1,continuous,500,50,1.0,4,2383792142,m_high,m,50,0.95,2.0,2.0,0.8333333333333334,1.0,0.9090909090909091,0.0,6.0,1.0,1.0,1.0,0.0,5.0,1.0,1.0,1.0,0.0,5.0,1.0,1.0,1.0,0.0,5.0,1.0,0.8,0.888888888888889,1.0,4.0,1.0,0.8,0.888888888888889,1.0,4.0,complete,
cc1,continuous,500,50,1.0,4,2383792142,beta_low,beta,20,0.95,1.0,2.0,1.0,1.0,1.0,0.0,5.0,1.0,0.8,0.888888888888889,1.0,4.0,1.0,0.8,0.888888888888889,1.0,4.0,1.0,0.8,0.888888888888889,1.0,4.0,1.0,0.8,0.888888888888889,1.0,4.0,1.0,0.8,0.888888888888889,1.0,4.0,complete,
cc1,continuous,500,50,1.0,4,2383792142,beta_high,beta,20,0.95,3.0,2.0,1.0,1.0,1.0,0.0,5.0,1.0,0.6,0.7499999999999999,1.0,3.0,1.0,1.0,1.0,0.0,5.0,1.0,0.8,0.888888888888889,1.0,4.0,1.0,0.6,0.7499999999999999,1.0,3.0,1.0,0.8,0.888888888888889,1.0,4.0,complete,
cc1,continuous,500,50,1.0,4,2383792142,k_low,k,20,0.95,2.0,1.0,1.0,0.8,0.888888888888889,1.0,4.0,1.0,0.6,0.7499999999999999,1.0,3.0,1.0,0.8,0.888888888888889,1.0,4.0,1.0,0.8,0.888888888888889,1.0,4.0,1.0,0.4,0.5714285714285715,1.0,2.0,1.0,0.8,0.888888888888889,1.0,4.0,complete,
cc1,continuous,500,50,1.0,4,2383792142,k_high,k,20,0.95,2.0,3.0,1.0,1.0,1.0,0.0,5.0,1.0,0.8,0.888888888888889,1.0,4.0,1.0,1.0,1.0,0.0,5.0,1.0,0.8,0.888888888888889,1.0,4.0,1.0,0.6,0.7499999999999999,1.0,3.0,1.0,0.8,0.888888888888889,1.0,4.0,complete,
cc1,continuous,500,50,1.0,5,1571249157,reference,reference,20,0.95,2.0,2.0,0.625,1.0,0.7692307692307693,0.0,8.0,1.0,0.6,0.7499999999999999,1.0,3.0,1.0,0.8,0.888888888888889,1.0,4.0,1.0,1.0,1.0,0.0,5.0,1.0,0.2,0.33333333333333337,1.0,1.0,1.0,1.0,1.0,0.0,5.0,complete,
cc1,continuous,500,50,1.0,5,1571249157,m_low,m,10,0.95,2.0,2.0,0.5555555555555556,1.0,0.7142857142857143,0.0,9.0,1.0,0.2,0.33333333333333337,1.0,1.0,1.0,0.8,0.888888888888889,1.0,4.0,1.0,1.0,1.0,0.0,5.0,0.0,0.0,0.0,1.0,0.0,1.0,1.0,1.0,0.0,5.0,complete,
cc1,continuous,500,50,1.0,5,1571249157,m_high,m,50,0.95,2.0,2.0,0.7142857142857143,1.0,0.8333333333333333,0.0,7.0,1.0,1.0,1.0,0.0,5.0,0.8333333333333334,1.0,0.9090909090909091,0.0,6.0,1.0,1.0,1.0,0.0,5.0,1.0,0.6,0.7499999999999999,1.0,3.0,1.0,1.0,1.0,0.0,5.0,complete,
cc1,continuous,500,50,1.0,5,1571249157,beta_low,beta,20,0.95,1.0,2.0,0.625,1.0,0.7692307692307693,0.0,8.0,1.0,1.0,1.0,0.0,5.0,1.0,1.0,1.0,0.0,5.0,1.0,1.0,1.0,0.0,5.0,1.0,0.6,0.7499999999999999,1.0,3.0,1.0,1.0,1.0,0.0,5.0,complete,
cc1,continuous,500,50,1.0,5,1571249157,beta_high,beta,20,0.95,3.0,2.0,0.625,1.0,0.7692307692307693,0.0,8.0,1.0,0.8,0.888888888888889,1.0,4.0,0.7142857142857143,1.0,0.8333333333333333,0.0,7.0,0.8333333333333334,1.0,0.9090909090909091,0.0,6.0,1.0,0.4,0.5714285714285715,1.0,2.0,1.0,0.8,0.888888888888889,1.0,4.0,complete,
cc1,continuous,500,50,1.0,5,1571249157,k_low,k,20,0.95,2.0,1.0,0.625,1.0,0.7692307692307693,0.0,8.0,1.0,0.8,0.888888888888889,1.0,4.0,0.8,0.8,0.8000000000000002,1.0,5.0,1.0,1.0,1.0,0.0,5.0,1.0,0.2,0.33333333333333337,1.0,1.0,1.0,0.8,0.888888888888889,1.0,4.0,complete,
cc1,continuous,500,50,1.0,5,1571249157,k_high,k,20,0.95,2.0,3.0,0.7142857142857143,1.0,0.8333333333333333,0.0,7.0,1.0,0.4,0.5714285714285715,1.0,2.0,0.8333333333333334,1.0,0.9090909090909091,0.0,6.0,1.0,1.0,1.0,0.0,5.0,1.0,0.4,0.5714285714285715,1.0,2.0,1.0,1.0,1.0,0.0,5.0,complete,
cc1,continuous,500,50,1.0,6,2606987846,reference,reference,20,0.95,2.0,2.0,0.8333333333333334,1.0,0.9090909090909091,0.0,6.0,1.0,0.8,0.888888888888889,1.0,4.0,1.0,1.0,1.0,0.0,5.0,1.0,1.0,1.0,0.0,5.0,1.0,0.8,0.888888888888889,1.0,4.0,1.0,1.0,1.0,0.0,5.0,complete,
cc1,continuous,500,50,1.0,6,2606987846,m_low,m,10,0.95,2.0,2.0,0.8333333333333334,1.0,0.9090909090909091,0.0,6.0,1.0,0.4,0.5714285714285715,1.0,2.0,0.75,0.6,0.6666666666666665,1.0,4.0,1.0,1.0,1.0,0.0,5.0,1.0,0.6,0.7499999999999999,1.0,3.0,1.0,0.8,0.888888888888889,1.0,4.0,complete,
cc1,continuous,500,50,1.0,6,2606987846,m_high,m,50,0.95,2.0,2.0,0.8333333333333334,1.0,0.9090909090909091,0.0,6.0,1.0,1.0,1.0,0.0,5.0,1.0,1.0,1.0,0.0,5.0,1.0,1.0,1.0,0.0,5.0,1.0,1.0,1.0,0.0,5.0,1.0,1.0,1.0,0.0,5.0,complete,
cc1,continuous,500,50,1.0,6,2606987846,beta_low,beta,20,0.95,1.0,2.0,0.7142857142857143,1.0,0.8333333333333333,0.0,7.0,1.0,1.0,1.0,0.0,5.0,0.8333333333333334,1.0,0.9090909090909091,0.0,6.0,1.0,1.0,1.0,0.0,5.0,1.0,0.8,0.888888888888889,1.0,4.0,1.0,1.0,1.0,0.0,5.0,complete,
cc1,continuous,500,50,1.0,6,2606987846,beta_high,beta,20,0.95,3.0,2.0,0.7142857142857143,1.0,0.8333333333333333,0.0,7.0,1.0,0.8,0.888888888888889,1.0,4.0,1.0,0.8,0.888888888888889,1.0,4.0,1.0,1.0,1.0,0.0,5.0,1.0,0.6,0.7499999999999999,1.0,3.0,1.0,1.0,1.0,0.0,5.0,complete,
cc1,continuous,500,50,1.0,6,2606987846,k_low,k,20,0.95,2.0,1.0,1.0,1.0,1.0,0.0,5.0,1.0,0.8,0.888888888888889,1.0,4.0,1.0,1.0,1.0,0.0,5.0,1.0,1.0,1.0,0.0,5.0,1.0,0.8,0.888888888888889,1.0,4.0,1.0,1.0,1.0,0.0,5.0,complete,
cc1,continuous,500,50,1.0,6,2606987846,k_high,k,20,0.95,2.0,3.0,0.8333333333333334,1.0,0.9090909090909091,0.0,6.0,1.0,1.0,1.0,0.0,5.0,1.0,1.0,1.0,0.0,5.0,1.0,1.0,1.0,0.0,5.0,1.0,0.6,0.7499999999999999,1.0,3.0,1.0,1.0,1.0,0.0,5.0,complete,
cc1,continuous,500,50,1.0,7,1330605350,reference,reference,20,0.95,2.0,2.0,0.625,1.0,0.7692307692307693,0.0,8.0,1.0,0.8,0.888888888888889,1.0,4.0,0.7142857142857143,1.0,0.8333333333333333,0.0,7.0,1.0,0.8,0.888888888888889,1.0,4.0,1.0,0.6,0.7499999999999999,1.0,3.0,1.0,0.8,0.888888888888889,1.0,4.0,complete,
cc1,continuous,500,50,1.0,7,1330605350,m_low,m,10,0.95,2.0,2.0,0.7142857142857143,1.0,0.8333333333333333,0.0,7.0,1.0,0.2,0.33333333333333337,1.0,1.0,1.0,0.6,0.7499999999999999,1.0,3.0,0.8333333333333334,1.0,0.9090909090909091,0.0,6.0,1.0,0.2,0.33333333333333337,1.0,1.0,1.0,0.8,0.888888888888889,1.0,4.0,complete,
cc1,continuous,500,50,1.0,7,1330605350,m_high,m,50,0.95,2.0,2.0,0.7142857142857143,1.0,0.8333333333333333,0.0,7.0,1.0,1.0,1.0,0.0,5.0,1.0,1.0,1.0,0.0,5.0,1.0,1.0,1.0,0.0,5.0,1.0,0.6,0.7499999999999999,1.0,3.0,1.0,1.0,1.0,0.0,5.0,complete,
cc1,continuous,500,50,1.0,7,1330605350,beta_low,beta,20,0.95,1.0,2.0,0.5555555555555556,1.0,0.7142857142857143,0.0,9.0,1.0,0.8,0.888888888888889,1.0,4.0,0.7142857142857143,1.0,0.8333333333333333,0.0,7.0,1.0,1.0,1.0,0.0,5.0,1.0,0.6,0.7499999999999999,1.0,3.0,1.0,1.0,1.0,0.0,5.0,complete,
cc1,continuous,500,50,1.0,7,1330605350,beta_high,beta,20,0.95,3.0,2.0,0.5,1.0,0.6666666666666666,0.0,10.0,1.0,0.8,0.888888888888889,1.0,4.0,0.8,0.8,0.8000000000000002,1.0,5.0,1.0,0.8,0.888888888888889,1.0,4.0,1.0,0.6,0.7499999999999999,1.0,3.0,1.0,0.8,0.888888888888889,1.0,4.0,complete,
cc1,continuous,500,50,1.0,7,1330605350,k_low,k,20,0.95,2.0,1.0,0.7142857142857143,1.0,0.8333333333333333,0.0,7.0,1.0,1.0,1.0,0.0,5.0,0.8333333333333334,1.0,0.9090909090909091,0.0,6.0,1.0,1.0,1.0,0.0,5.0,1.0,0.6,0.7499999999999999,1.0,3.0,1.0,0.8,0.888888888888889,1.0,4.0,complete,
cc1,continuous,500,50,1.0,7,1330605350,k_high,k,20,0.95,2.0,3.0,0.8333333333333334,1.0,0.9090909090909091,0.0,6.0,1.0,0.8,0.888888888888889,1.0,4.0,1.0,1.0,1.0,0.0,5.0,1.0,1.0,1.0,0.0,5.0,1.0,0.6,0.7499999999999999,1.0,3.0,1.0,0.8,0.888888888888889,1.0,4.0,complete,
cc1,continuous,500,50,1.0,8,2835370909,reference,reference,20,0.95,2.0,2.0,0.8333333333333334,1.0,0.9090909090909091,0.0,6.0,1.0,1.0,1.0,0.0,5.0,1.0,1.0,1.0,0.0,5.0,1.0,0.8,0.888888888888889,1.0,4.0,1.0,0.6,0.7499999999999999,1.0,3.0,1.0,0.8,0.888888888888889,1.0,4.0,complete,
cc1,continuous,500,50,1.0,8,2835370909,m_low,m,10,0.95,2.0,2.0,0.8333333333333334,1.0,0.9090909090909091,0.0,6.0,1.0,0.4,0.5714285714285715,1.0,2.0,1.0,0.6,0.7499999999999999,1.0,3.0,1.0,0.8,0.888888888888889,1.0,4.0,1.0,0.4,0.5714285714285715,1.0,2.0,1.0,0.8,0.888888888888889,1.0,4.0,complete,
cc1,continuous,500,50,1.0,8,2835370909,m_high,m,50,0.95,2.0,2.0,1.0,1.0,1.0,0.0,5.0,1.0,1.0,1.0,0.0,5.0,1.0,1.0,1.0,0.0,5.0,1.0,1.0,1.0,0.0,5.0,1.0,0.6,0.7499999999999999,1.0,3.0,1.0,1.0,1.0,0.0,5.0,complete,
cc1,continuous,500,50,1.0,8,2835370909,beta_low,beta,20,0.95,1.0,2.0,0.5555555555555556,1.0,0.7142857142857143,0.0,9.0,1.0,1.0,1.0,0.0,5.0,1.0,1.0,1.0,0.0,5.0,1.0,1.0,1.0,0.0,5.0,1.0,0.6,0.7499999999999999,1.0,3.0,1.0,1.0,1.0,0.0,5.0,complete,
cc1,continuous,500,50,1.0,8,2835370909,beta_high,beta,20,0.95,3.0,2.0,0.7142857142857143,1.0,0.8333333333333333,0.0,7.0,1.0,0.6,0.7499999999999999,1.0,3.0,0.8333333333333334,1.0,0.9090909090909091,0.0,6.0,1.0,0.8,0.888888888888889,1.0,4.0,1.0,0.6,0.7499999999999999,1.0,3.0,1.0,0.8,0.888888888888889,1.0,4.0,complete,
cc1,continuous,500,50,1.0,8,2835370909,k_low,k,20,0.95,2.0,1.0,0.8333333333333334,1.0,0.9090909090909091,0.0,6.0,1.0,0.8,0.888888888888889,1.0,4.0,1.0,0.8,0.888888888888889,1.0,4.0,1.0,0.8,0.888888888888889,1.0,4.0,1.0,0.4,0.5714285714285715,1.0,2.0,1.0,0.8,0.888888888888889,1.0,4.0,complete,
cc1,continuous,500,50,1.0,8,2835370909,k_high,k,20,0.95,2.0,3.0,1.0,1.0,1.0,0.0,5.0,1.0,0.8,0.888888888888889,1.0,4.0,1.0,1.0,1.0,0.0,5.0,1.0,0.8,0.888888888888889,1.0,4.0,1.0,0.6,0.7499999999999999,1.0,3.0,1.0,0.8,0.888888888888889,1.0,4.0,complete,
cc1,continuous,500,50,1.0,9,4139395655,reference,reference,20,0.95,2.0,2.0,0.7142857142857143,1.0,0.8333333333333333,0.0,7.0,1.0,0.4,0.5714285714285715,1.0,2.0,1.0,0.8,0.888888888888889,1.0,4.0,1.0,1.0,1.0,0.0,5.0,1.0,0.6,0.7499999999999999,1.0,3.0,1.0,0.8,0.888888888888889,1.0,4.0,complete,
cc1,continuous,500,50,1.0,9,4139395655,m_low,m,10,0.95,2.0,2.0,0.6666666666666666,0.8,0.7272727272727272,1.0,6.0,1.0,0.4,0.5714285714285715,1.0,2.0,1.0,0.8,0.888888888888889,1.0,4.0,1.0,1.0,1.0,0.0,5.0,1.0,0.2,0.33333333333333337,1.0,1.0,1.0,0.8,0.888888888888889,1.0,4.0,complete,
cc1,continuous,500,50,1.0,9,4139395655,m_high,m,50,0.95,2.0,2.0,0.7142857142857143,1.0,0.8333333333333333,0.0,7.0,1.0,1.0,1.0,0.0,5.0,1.0,1.0,1.0,0.0,5.0,1.0,1.0,1.0,0.0,5.0,1.0,0.6,0.7499999999999999,1.0,3.0,1.0,0.8,0.888888888888889,1.0,4.0,complete,
cc1,continuous,500,50,1.0,9,4139395655,beta_low,beta,20,0.95,1.0,2.0,0.5555555555555556,1.0,0.7142857142857143,0.0,9.0,1.0,0.6,0.7499999999999999,1.0,3.0,1.0,1.0,1.0,0.0,5.0,1.0,1.0,1.0,0.0,5.0,1.0,0.6,0.7499999999999999,1.0,3.0,1.0,1.0,1.0,0.0,5.0,complete,
cc1,continuous,500,50,1.0,9,4139395655,beta_high,beta,20,0.95,3.0,2.0,0.8,0.8,0.8000000000000002,1.0,5.0,1.0,0.4,0.5714285714285715,1.0,2.0,1.0,0.8,0.888888888888889,1.0,4.0,1.0,0.8,0.888888888888889,1.0,4.0,1.0,0.6,0.7499999999999999,1.0,3.0,1.0,0.8,0.888888888888889,1.0,4.0,complete,
cc1,continuous,500,50,1.0,9,4139395655,k_low,k,20,0.95,2.0,1.0,0.625,1.0,0.7692307692307693,0.0,8.0,1.0,0.6,0.7499999999999999,1.0,3.0,1.0,0.8,0.888888888888889,1.0,4.0,1.0,1.0,1.0,0.0,5.0,1.0,0.6,0.7499999999999999,1.0,3.0,1.0,0.8,0.888888888888889,1.0,4.0,complete,
cc1,continuous,500,50,1.0,9,4139395655,k_high,k,20,0.95,2.0,3.0,0.5555555555555556,1.0,0.7142857142857143,0.0,9.0,1.0,0.6,0.7499999999999999,1.0,3.0,0.7142857142857143,1.0,0.8333333333333333,0.0,7.0,1.0,1.0,1.0,0.0,5.0,1.0,0.6,0.7499999999999999,1.0,3.0,1.0,1.0,1.0,0.0,5.0,complete,
cc1,continuous,500,50,1.0,10,4068377753,reference,reference,20,0.95,2.0,2.0,0.7142857142857143,1.0,0.8333333333333333,0.0,7.0,1.0,0.8,0.888888888888889,1.0,4.0,0.8,0.8,0.8000000000000002,1.0,5.0,1.0,1.0,1.0,0.0,5.0,1.0,0.6,0.7499999999999999,1.0,3.0,1.0,0.8,0.888888888888889,1.0,4.0,complete,
cc1,continuous,500,50,1.0,10,4068377753,m_low,m,10,0.95,2.0,2.0,0.8333333333333334,1.0,0.9090909090909091,0.0,6.0,1.0,0.6,0.7499999999999999,1.0,3.0,0.8333333333333334,1.0,0.9090909090909091,0.0,6.0,1.0,1.0,1.0,0.0,5.0,1.0,0.6,0.7499999999999999,1.0,3.0,1.0,0.8,0.888888888888889,1.0,4.0,complete,
cc1,continuous,500,50,1.0,10,4068377753,m_high,m,50,0.95,2.0,2.0,1.0,1.0,1.0,0.0,5.0,1.0,1.0,1.0,0.0,5.0,1.0,1.0,1.0,0.0,5.0,1.0,1.0,1.0,0.0,5.0,1.0,0.6,0.7499999999999999,1.0,3.0,1.0,1.0,1.0,0.0,5.0,complete,
cc1,continuous,500,50,1.0,10,4068377753,beta_low,beta,20,0.95,1.0,2.0,0.7142857142857143,1.0,0.8333333333333333,0.0,7.0,1.0,1.0,1.0,0.0,5.0,1.0,1.0,1.0,0.0,5.0,1.0,1.0,1.0,0.0,5.0,1.0,0.4,0.5714285714285715,1.0,2.0,1.0,1.0,1.0,0.0,5.0,complete,
cc1,continuous,500,50,1.0,10,4068377753,beta_high,beta,20,0.95,3.0,2.0,0.7142857142857143,1.0,0.8333333333333333,0.0,7.0,1.0,0.8,0.888888888888889,1.0,4.0,1.0,0.8,0.888888888888889,1.0,4.0,1.0,0.8,0.888888888888889,1.0,4.0,1.0,0.6,0.7499999999999999,1.0,3.0,1.0,0.8,0.888888888888889,1.0,4.0,complete,
cc1,continuous,500,50,1.0,10,4068377753,k_low,k,20,0.95,2.0,1.0,0.8333333333333334,1.0,0.9090909090909091,0.0,6.0,1.0,0.6,0.7499999999999999,1.0,3.0,1.0,0.8,0.888888888888889,1.0,4.0,1.0,0.8,0.888888888888889,1.0,4.0,1.0,0.6,0.7499999999999999,1.0,3.0,1.0,0.8,0.888888888888889,1.0,4.0,complete,
cc1,continuous,500,50,1.0,10,4068377753,k_high,k,20,0.95,2.0,3.0,0.8333333333333334,1.0,0.9090909090909091,0.0,6.0,1.0,0.4,0.5714285714285715,1.0,2.0,1.0,0.8,0.888888888888889,1.0,4.0,1.0,1.0,1.0,0.0,5.0,1.0,0.6,0.7499999999999999,1.0,3.0,1.0,0.8,0.888888888888889,1.0,4.0,complete,
cc1,continuous,500,50,1.0,11,2644699662,reference,reference,20,0.95,2.0,2.0,0.7142857142857143,1.0,0.8333333333333333,0.0,7.0,1.0,1.0,1.0,0.0,5.0,1.0,1.0,1.0,0.0,5.0,1.0,1.0,1.0,0.0,5.0,1.0,0.6,0.7499999999999999,1.0,3.0,1.0,0.8,0.888888888888889,1.0,4.0,complete,
cc1,continuous,500,50,1.0,11,2644699662,m_low,m,10,0.95,2.0,2.0,1.0,1.0,1.0,0.0,5.0,1.0,0.8,0.888888888888889,1.0,4.0,1.0,0.8,0.888888888888889,1.0,4.0,0.8333333333333334,1.0,0.9090909090909091,0.0,6.0,1.0,0.6,0.7499999999999999,1.0,3.0,1.0,0.8,0.888888888888889,1.0,4.0,complete,
cc1,continuous,500,50,1.0,11,2644699662,m_high,m,50,0.95,2.0,2.0,1.0,1.0,1.0,0.0,5.0,1.0,1.0,1.0,0.0,5.0,1.0,1.0,1.0,0.0,5.0,1.0,1.0,1.0,0.0,5.0,1.0,0.8,0.888888888888889,1.0,4.0,1.0,1.0,1.0,0.0,5.0,complete,
cc1,continuous,500,50,1.0,11,2644699662,beta_low,beta,20,0.95,1.0,2.0,1.0,1.0,1.0,0.0,5.0,1.0,0.8,0.888888888888889,1.0,4.0,1.0,1.0,1.0,0.0,5.0,1.0,1.0,1.0,0.0,5.0,1.0,0.6,0.7499999999999999,1.0,3.0,1.0,1.0,1.0,0.0,5.0,complete,
cc1,continuous,500,50,1.0,11,2644699662,beta_high,beta,20,0.95,3.0,2.0,0.7142857142857143,1.0,0.8333333333333333,0.0,7.0,1.0,0.2,0.33333333333333337,1.0,1.0,1.0,1.0,1.0,0.0,5.0,1.0,1.0,1.0,0.0,5.0,1.0,0.6,0.7499999999999999,1.0,3.0,1.0,1.0,1.0,0.0,5.0,complete,
cc1,continuous,500,50,1.0,11,2644699662,k_low,k,20,0.95,2.0,1.0,0.8333333333333334,1.0,0.9090909090909091,0.0,6.0,1.0,0.4,0.5714285714285715,1.0,2.0,1.0,1.0,1.0,0.0,5.0,1.0,1.0,1.0,0.0,5.0,1.0,0.6,0.7499999999999999,1.0,3.0,1.0,0.8,0.888888888888889,1.0,4.0,complete,
cc1,continuous,500,50,1.0,11,2644699662,k_high,k,20,0.95,2.0,3.0,0.625,1.0,0.7692307692307693,0.0,8.0,1.0,0.8,0.888888888888889,1.0,4.0,1.0,1.0,1.0,0.0,5.0,1.0,1.0,1.0,0.0,5.0,1.0,0.6,0.7499999999999999,1.0,3.0,1.0,1.0,1.0,0.0,5.0,complete,
cc1,continuous,500,50,1.0,12,585688265,reference,reference,20,0.95,2.0,2.0,0.8333333333333334,1.0,0.9090909090909091,0.0,6.0,1.0,0.8,0.888888888888889,1.0,4.0,0.8333333333333334,1.0,0.9090909090909091,0.0,6.0,1.0,1.0,1.0,0.0,5.0,1.0,0.6,0.7499999999999999,1.0,3.0,1.0,0.8,0.888888888888889,1.0,4.0,complete,
cc1,continuous,500,50,1.0,12,585688265,m_low,m,10,0.95,2.0,2.0,0.5555555555555556,1.0,0.7142857142857143,0.0,9.0,1.0,0.8,0.888888888888889,1.0,4.0,0.8333333333333334,1.0,0.9090909090909091,0.0,6.0,1.0,1.0,1.0,0.0,5.0,1.0,0.6,0.7499999999999999,1.0,3.0,1.0,0.6,0.7499999999999999,1.0,3.0,complete,
cc1,continuous,500,50,1.0,12,585688265,m_high,m,50,0.95,2.0,2.0,0.8333333333333334,1.0,0.9090909090909091,0.0,6.0,1.0,0.8,0.888888888888889,1.0,4.0,1.0,1.0,1.0,0.0,5.0,1.0,1.0,1.0,0.0,5.0,1.0,0.6,0.7499999999999999,1.0,3.0,1.0,0.8,0.888888888888889,1.0,4.0,complete,
cc1,continuous,500,50,1.0,12,585688265,beta_low,beta,20,0.95,1.0,2.0,0.8333333333333334,1.0,0.9090909090909091,0.0,6.0,1.0,0.8,0.888888888888889,1.0,4.0,1.0,0.8,0.888888888888889,1.0,4.0,1.0,1.0,1.0,0.0,5.0,1.0,0.6,0.7499999999999999,1.0,3.0,1.0,0.8,0.888888888888889,1.0,4.0,complete,
cc1,continuous,500,50,1.0,12,585688265,beta_high,beta,20,0.95,3.0,2.0,0.8333333333333334,1.0,0.9090909090909091,0.0,6.0,1.0,0.6,0.7499999999999999,1.0,3.0,1.0,1.0,1.0,0.0,5.0,1.0,1.0,1.0,0.0,5.0,1.0,0.6,0.7499999999999999,1.0,3.0,1.0,0.8,0.888888888888889,1.0,4.0,complete,
cc1,continuous,500,50,1.0,12,585688265,k_low,k,20,0.95,2.0,1.0,0.7142857142857143,1.0,0.8333333333333333,0.0,7.0,1.0,0.8,0.888888888888889,1.0,4.0,1.0,1.0,1.0,0.0,5.0,1.0,0.8,0.888888888888889,1.0,4.0,1.0,0.6,0.7499999999999999,1.0,3.0,1.0,0.8,0.888888888888889,1.0,4.0,complete,
cc1,continuous,500,50,1.0,12,585688265,k_high,k,20,0.95,2.0,3.0,0.8333333333333334,1.0,0.9090909090909091,0.0,6.0,1.0,0.8,0.888888888888889,1.0,4.0,1.0,1.0,1.0,0.0,5.0,1.0,0.8,0.888888888888889,1.0,4.0,1.0,0.6,0.7499999999999999,1.0,3.0,1.0,0.8,0.888888888888889,1.0,4.0,complete,
cc1,continuous,500,50,1.0,13,413141459,reference,reference,20,0.95,2.0,2.0,1.0,1.0,1.0,0.0,5.0,1.0,1.0,1.0,0.0,5.0,1.0,1.0,1.0,0.0,5.0,1.0,1.0,1.0,0.0,5.0,1.0,0.6,0.7499999999999999,1.0,3.0,1.0,1.0,1.0,0.0,5.0,complete,
cc1,continuous,500,50,1.0,13,413141459,m_low,m,10,0.95,2.0,2.0,0.7142857142857143,1.0,0.8333333333333333,0.0,7.0,1.0,0.2,0.33333333333333337,1.0,1.0,1.0,1.0,1.0,0.0,5.0,1.0,1.0,1.0,0.0,5.0,1.0,0.2,0.33333333333333337,1.0,1.0,1.0,1.0,1.0,0.0,5.0,complete,
cc1,continuous,500,50,1.0,13,413141459,m_high,m,50,0.95,2.0,2.0,1.0,1.0,1.0,0.0,5.0,1.0,1.0,1.0,0.0,5.0,1.0,1.0,1.0,0.0,5.0,1.0,1.0,1.0,0.0,5.0,1.0,1.0,1.0,0.0,5.0,1.0,1.0,1.0,0.0,5.0,complete,
cc1,continuous,500,50,1.0,13,413141459,beta_low,beta,20,0.95,1.0,2.0,0.625,1.0,0.7692307692307693,0.0,8.0,1.0,0.8,0.888888888888889,1.0,4.0,1.0,1.0,1.0,0.0,5.0,1.0,1.0,1.0,0.0,5.0,1.0,0.4,0.5714285714285715,1.0,2.0,1.0,0.8,0.888888888888889,1.0,4.0,complete,
cc1,continuous,500,50,1.0,13,413141459,beta_high,beta,20,0.95,3.0,2.0,0.8,0.8,0.8000000000000002,1.0,5.0,1.0,0.4,0.5714285714285715,1.0,2.0,1.0,0.8,0.888888888888889,1.0,4.0,1.0,1.0,1.0,0.0,5.0,1.0,0.6,0.7499999999999999,1.0,3.0,1.0,1.0,1.0,0.0,5.0,complete,
cc1,continuous,500,50,1.0,13,413141459,k_low,k,20,0.95,2.0,1.0,0.8333333333333334,1.0,0.9090909090909091,0.0,6.0,1.0,0.8,0.888888888888889,1.0,4.0,1.0,0.8,0.888888888888889,1.0,4.0,1.0,1.0,1.0,0.0,5.0,1.0,0.4,0.5714285714285715,1.0,2.0,1.0,0.8,0.888888888888889,1.0,4.0,complete,
cc1,continuous,500,50,1.0,13,413141459,k_high,k,20,0.95,2.0,3.0,0.7142857142857143,1.0,0.8333333333333333,0.0,7.0,1.0,0.6,0.7499999999999999,1.0,3.0,1.0,1.0,1.0,0.0,5.0,1.0,1.0,1.0,0.0,5.0,1.0,0.4,0.5714285714285715,1.0,2.0,1.0,1.0,1.0,0.0,5.0,complete,
cc1,continuous,500,50,1.0,14,2484680433,reference,reference,20,0.95,2.0,2.0,0.625,1.0,0.7692307692307693,0.0,8.0,1.0,0.6,0.7499999999999999,1.0,3.0,1.0,0.8,0.888888888888889,1.0,4.0,1.0,0.8,0.888888888888889,1.0,4.0,1.0,0.6,0.7499999999999999,1.0,3.0,1.0,0.8,0.888888888888889,1.0,4.0,complete,
cc1,continuous,500,50,1.0,14,2484680433,m_low,m,10,0.95,2.0,2.0,0.7142857142857143,1.0,0.8333333333333333,0.0,7.0,1.0,0.4,0.5714285714285715,1.0,2.0,0.6666666666666666,0.8,0.7272727272727272,1.0,6.0,0.8,0.8,0.8000000000000002,1.0,5.0,1.0,0.4,0.5714285714285715,1.0,2.0,0.8,0.8,0.8000000000000002,1.0,5.0,complete,
cc1,continuous,500,50,1.0,14,2484680433,m_high,m,50,0.95,2.0,2.0,0.8333333333333334,1.0,0.9090909090909091,0.0,6.0,1.0,1.0,1.0,0.0,5.0,1.0,1.0,1.0,0.0,5.0,1.0,1.0,1.0,0.0,5.0,1.0,0.8,0.888888888888889,1.0,4.0,1.0,1.0,1.0,0.0,5.0,complete,
cc1,continuous,500,50,1.0,14,2484680433,beta_low,beta,20,0.95,1.0,2.0,0.625,1.0,0.7692307692307693,0.0,8.0,1.0,0.6,0.7499999999999999,1.0,3.0,1.0,1.0,1.0,0.0,5.0,1.0,1.0,1.0,0.0,5.0,1.0,0.4,0.5714285714285715,1.0,2.0,1.0,0.6,0.7499999999999999,1.0,3.0,complete,
cc1,continuous,500,50,1.0,14,2484680433,beta_high,beta,20,0.95,3.0,2.0,0.625,1.0,0.7692307692307693,0.0,8.0,1.0,0.4,0.5714285714285715,1.0,2.0,0.8333333333333334,1.0,0.9090909090909091,0.0,6.0,1.0,0.8,0.888888888888889,1.0,4.0,1.0,0.4,0.5714285714285715,1.0,2.0,1.0,0.8,0.888888888888889,1.0,4.0,complete,
cc1,continuous,500,50,1.0,14,2484680433,k_low,k,20,0.95,2.0,1.0,0.5555555555555556,1.0,0.7142857142857143,0.0,9.0,1.0,0.6,0.7499999999999999,1.0,3.0,0.8,0.8,0.8000000000000002,1.0,5.0,0.8,0.8,0.8000000000000002,1.0,5.0,1.0,0.4,0.5714285714285715,1.0,2.0,1.0,0.6,0.7499999999999999,1.0,3.0,complete,
cc1,continuous,500,50,1.0,14,2484680433,k_high,k,20,0.95,2.0,3.0,0.625,1.0,0.7692307692307693,0.0,8.0,1.0,0.8,0.888888888888889,1.0,4.0,1.0,1.0,1.0,0.0,5.0,1.0,0.8,0.888888888888889,1.0,4.0,1.0,0.6,0.7499999999999999,1.0,3.0,1.0,0.8,0.888888888888889,1.0,4.0,complete,
cc1,continuous,500,50,1.0,15,2483165157,reference,reference,20,0.95,2.0,2.0,1.0,1.0,1.0,0.0,5.0,1.0,0.6,0.7499999999999999,1.0,3.0,1.0,1.0,1.0,0.0,5.0,1.0,0.8,0.888888888888889,1.0,4.0,1.0,0.6,0.7499999999999999,1.0,3.0,1.0,0.8,0.888888888888889,1.0,4.0,complete,
cc1,continuous,500,50,1.0,15,2483165157,m_low,m,10,0.95,2.0,2.0,0.6666666666666666,0.8,0.7272727272727272,1.0,6.0,1.0,0.4,0.5714285714285715,1.0,2.0,1.0,0.8,0.888888888888889,1.0,4.0,1.0,0.8,0.888888888888889,1.0,4.0,1.0,0.4,0.5714285714285715,1.0,2.0,1.0,0.8,0.888888888888889,1.0,4.0,complete,
cc1,continuous,500,50,1.0,15,2483165157,m_high,m,50,0.95,2.0,2.0,0.8333333333333334,1.0,0.9090909090909091,0.0,6.0,1.0,1.0,1.0,0.0,5.0,1.0,1.0,1.0,0.0,5.0,1.0,1.0,1.0,0.0,5.0,1.0,0.8,0.888888888888889,1.0,4.0,1.0,0.8,0.888888888888889,1.0,4.0,complete,
cc1,continuous,500,50,1.0,15,2483165157,beta_low,beta,20,0.95,1.0,2.0,0.8333333333333334,1.0,0.9090909090909091,0.0,6.0,1.0,0.8,0.888888888888889,1.0,4.0,1.0,0.8,0.888888888888889,1.0,4.0,1.0,0.8,0.888888888888889,1.0,4.0,1.0,0.6,0.7499999999999999,1.0,3.0,1.0,0.8,0.888888888888889,1.0,4.0,complete,
cc1,continuous,500,50,1.0,15,2483165157,beta_high,beta,20,0.95,3.0,2.0,0.8333333333333334,1.0,0.9090909090909091,0.0,6.0,1.0,0.6,0.7499999999999999,1.0,3.0,1.0,0.6,0.7499999999999999,1.0,3.0,1.0,0.8,0.888888888888889,1.0,4.0,1.0,0.8,0.888888888888889,1.0,4.0,1.0,0.8,0.888888888888889,1.0,4.0,complete,
cc1,continuous,500,50,1.0,15,2483165157,k_low,k,20,0.95,2.0,1.0,0.5714285714285714,0.8,0.6666666666666666,1.0,7.0,1.0,0.2,0.33333333333333337,1.0,1.0,1.0,0.8,0.888888888888889,1.0,4.0,1.0,0.8,0.888888888888889,1.0,4.0,1.0,0.6,0.7499999999999999,1.0,3.0,1.0,0.8,0.888888888888889,1.0,4.0,complete,
cc1,continuous,500,50,1.0,15,2483165157,k_high,k,20,0.95,2.0,3.0,0.625,1.0,0.7692307692307693,0.0,8.0,1.0,1.0,1.0,0.0,5.0,1.0,1.0,1.0,0.0,5.0,1.0,0.8,0.888888888888889,1.0,4.0,1.0,0.6,0.7499999999999999,1.0,3.0,1.0,0.8,0.888888888888889,1.0,4.0,complete,
cc1,continuous,500,50,1.0,16,1524147368,reference,reference,20,0.95,2.0,2.0,0.7142857142857143,1.0,0.8333333333333333,0.0,7.0,1.0,0.8,0.888888888888889,1.0,4.0,1.0,0.8,0.888888888888889,1.0,4.0,1.0,0.8,0.888888888888889,1.0,4.0,1.0,0.6,0.7499999999999999,1.0,3.0,1.0,0.8,0.888888888888889,1.0,4.0,complete,
cc1,continuous,500,50,1.0,16,1524147368,m_low,m,10,0.95,2.0,2.0,0.7142857142857143,1.0,0.8333333333333333,0.0,7.0,1.0,0.6,0.7499999999999999,1.0,3.0,0.8,0.8,0.8000000000000002,1.0,5.0,1.0,1.0,1.0,0.0,5.0,1.0,0.4,0.5714285714285715,1.0,2.0,1.0,0.8,0.888888888888889,1.0,4.0,complete,
cc1,continuous,500,50,1.0,16,1524147368,m_high,m,50,0.95,2.0,2.0,0.8333333333333334,1.0,0.9090909090909091,0.0,6.0,1.0,1.0,1.0,0.0,5.0,1.0,1.0,1.0,0.0,5.0,1.0,1.0,1.0,0.0,5.0,1.0,0.6,0.7499999999999999,1.0,3.0,1.0,1.0,1.0,0.0,5.0,complete,
cc1,continuous,500,50,1.0,16,1524147368,beta_low,beta,20,0.95,1.0,2.0,1.0,1.0,1.0,0.0,5.0,1.0,1.0,1.0,0.0,5.0,1.0,1.0,1.0,0.0,5.0,1.0,1.0,1.0,0.0,5.0,1.0,0.6,0.7499999999999999,1.0,3.0,1.0,0.8,0.888888888888889,1.0,4.0,complete,
cc1,continuous,500,50,1.0,16,1524147368,beta_high,beta,20,0.95,3.0,2.0,0.8,0.8,0.8000000000000002,1.0,5.0,1.0,0.8,0.888888888888889,1.0,4.0,0.8,0.8,0.8000000000000002,1.0,5.0,1.0,0.8,0.888888888888889,1.0,4.0,1.0,0.6,0.7499999999999999,1.0,3.0,1.0,0.8,0.888888888888889,1.0,4.0,complete,
cc1,continuous,500,50,1.0,16,1524147368,k_low,k,20,0.95,2.0,1.0,0.8333333333333334,1.0,0.9090909090909091,0.0,6.0,1.0,0.6,0.7499999999999999,1.0,3.0,1.0,1.0,1.0,0.0,5.0,1.0,1.0,1.0,0.0,5.0,1.0,0.6,0.7499999999999999,1.0,3.0,1.0,0.8,0.888888888888889,1.0,4.0,complete,
cc1,continuous,500,50,1.0,16,1524147368,k_high,k,20,0.95,2.0,3.0,0.7142857142857143,1.0,0.8333333333333333,0.0,7.0,1.0,0.8,0.888888888888889,1.0,4.0,0.8333333333333334,1.0,0.9090909090909091,0.0,6.0,0.8,0.8,0.8000000000000002,1.0,5.0,1.0,0.6,0.7499999999999999,1.0,3.0,1.0,0.8,0.888888888888889,1.0,4.0,complete,
cc1,continuous,500,50,1.0,17,3294714044,reference,reference,20,0.95,2.0,2.0,0.8333333333333334,1.0,0.9090909090909091,0.0,6.0,1.0,0.8,0.888888888888889,1.0,4.0,1.0,0.8,0.888888888888889,1.0,4.0,1.0,1.0,1.0,0.0,5.0,1.0,0.6,0.7499999999999999,1.0,3.0,1.0,0.8,0.888888888888889,1.0,4.0,complete,
cc1,continuous,500,50,1.0,17,3294714044,m_low,m,10,0.95,2.0,2.0,0.625,1.0,0.7692307692307693,0.0,8.0,1.0,0.2,0.33333333333333337,1.0,1.0,0.75,0.6,0.6666666666666665,1.0,4.0,1.0,0.8,0.888888888888889,1.0,4.0,1.0,0.4,0.5714285714285715,1.0,2.0,1.0,0.8,0.888888888888889,1.0,4.0,complete,
cc1,continuous,500,50,1.0,17,3294714044,m_high,m,50,0.95,2.0,2.0,1.0,1.0,1.0,0.0,5.0,1.0,1.0,1.0,0.0,5.0,1.0,1.0,1.0,0.0,5.0,1.0,1.0,1.0,0.0,5.0,1.0,0.6,0.7499999999999999,1.0,3.0,1.0,1.0,1.0,0.0,5.0,complete,
cc1,continuous,500,50,1.0,17,3294714044,beta_low,beta,20,0.95,1.0,2.0,1.0,1.0,1.0,0.0,5.0,1.0,0.8,0.888888888888889,1.0,4.0,1.0,1.0,1.0,0.0,5.0,1.0,1.0,1.0,0.0,5.0,1.0,0.6,0.7499999999999999,1.0,3.0,1.0,0.8,0.888888888888889,1.0,4.0,complete,
cc1,continuous,500,50,1.0,17,3294714044,beta_high,beta,20,0.95,3.0,2.0,0.8333333333333334,1.0,0.9090909090909091,0.0,6.0,1.0,0.4,0.5714285714285715,1.0,2.0,1.0,0.8,0.888888888888889,1.0,4.0,1.0,1.0,1.0,0.0,5.0,1.0,0.6,0.7499999999999999,1.0,3.0,1.0,0.8,0.888888888888889,1.0,4.0,complete,
cc1,continuous,500,50,1.0,17,3294714044,k_low,k,20,0.95,2.0,1.0,0.7142857142857143,1.0,0.8333333333333333,0.0,7.0,1.0,0.6,0.7499999999999999,1.0,3.0,1.0,1.0,1.0,0.0,5.0,1.0,1.0,1.0,0.0,5.0,1.0,0.6,0.7499999999999999,1.0,3.0,1.0,1.0,1.0,0.0,5.0,complete,
cc1,continuous,500,50,1.0,17,3294714044,k_high,k,20,0.95,2.0,3.0,0.8333333333333334,1.0,0.9090909090909091,0.0,6.0,1.0,1.0,1.0,0.0,5.0,0.8333333333333334,1.0,0.9090909090909091,0.0,6.0,1.0,1.0,1.0,0.0,5.0,1.0,0.6,0.7499999999999999,1.0,3.0,1.0,1.0,1.0,0.0,5.0,complete,
cc1,continuous,500,50,1.0,18,1813342496,reference,reference,20,0.95,2.0,2.0,0.8,0.8,0.8000000000000002,1.0,5.0,1.0,0.8,0.888888888888889,1.0,4.0,0.8,0.8,0.8000000000000002,1.0,5.0,1.0,0.8,0.888888888888889,1.0,4.0,1.0,0.6,0.7499999999999999,1.0,3.0,1.0,0.8,0.888888888888889,1.0,4.0,complete,
cc1,continuous,500,50,1.0,18,1813342496,m_low,m,10,0.95,2.0,2.0,0.8,0.8,0.8000000000000002,1.0,5.0,1.0,0.6,0.7499999999999999,1.0,3.0,0.75,0.6,0.6666666666666665,1.0,4.0,1.0,0.8,0.888888888888889,1.0,4.0,1.0,0.6,0.7499999999999999,1.0,3.0,1.0,0.8,0.888888888888889,1.0,4.0,complete,
cc1,continuous,500,50,1.0,18,1813342496,m_high,m,50,0.95,2.0,2.0,0.7142857142857143,1.0,0.8333333333333333,0.0,7.0,1.0,1.0,1.0,0.0,5.0,0.8333333333333334,1.0,0.9090909090909091,0.0,6.0,1.0,0.8,0.888888888888889,1.0,4.0,1.0,0.6,0.7499999999999999,1.0,3.0,1.0,0.8,0.888888888888889,1.0,4.0,complete,
cc1,continuous,500,50,1.0,18,1813342496,beta_low,beta,20,0.95,1.0,2.0,1.0,1.0,1.0,0.0,5.0,1.0,1.0,1.0,0.0,5.0,1.0,1.0,1.0,0.0,5.0,1.0,1.0,1.0,0.0,5.0,1.0,0.6,0.7499999999999999,1.0,3.0,1.0,1.0,1.0,0.0,5.0,complete,
cc1,continuous,500,50,1.0,18,1813342496,beta_high,beta,20,0.95,3.0,2.0,0.8333333333333334,1.0,0.9090909090909091,0.0,6.0,1.0,0.6,0.7499999999999999,1.0,3.0,1.0,0.8,0.888888888888889,1.0,4.0,1.0,0.8,0.888888888888889,1.0,4.0,1.0,0.6,0.7499999999999999,1.0,3.0,1.0,0.8,0.888888888888889,1.0,4.0,complete,
cc1,continuous,500,50,1.0,18,1813342496,k_low,k,20,0.95,2.0,1.0,0.8333333333333334,1.0,0.9090909090909091,0.0,6.0,1.0,0.4,0.5714285714285715,1.0,2.0,0.8,0.8,0.8000000000000002,1.0,5.0,1.0,0.8,0.888888888888889,1.0,4.0,1.0,0.6,0.7499999999999999,1.0,3.0,1.0,0.8,0.888888888888889,1.0,4.0,complete,
cc1,continuous,500,50,1.0,18,1813342496,k_high,k,20,0.95,2.0,3.0,0.5714285714285714,0.8,0.6666666666666666,1.0,7.0,1.0,0.8,0.888888888888889,1.0,4.0,1.0,0.8,0.888888888888889,1.0,4.0,1.0,0.8,0.888888888888889,1.0,4.0,1.0,0.6,0.7499999999999999,1.0,3.0,1.0,0.8,0.888888888888889,1.0,4.0,complete,
cc1,continuous,500,50,1.0,19,3819042724,reference,reference,20,0.95,2.0,2.0,0.7142857142857143,1.0,0.8333333333333333,0.0,7.0,1.0,0.8,0.888888888888889,1.0,4.0,0.8333333333333334,1.0,0.9090909090909091,0.0,6.0,1.0,0.8,0.888888888888889,1.0,4.0,1.0,0.6,0.7499999999999999,1.0,3.0,1.0,0.8,0.888888888888889,1.0,4.0,complete,
cc1,continuous,500,50,1.0,19,3819042724,m_low,m,10,0.95,2.0,2.0,0.4,0.8,0.5333333333333333,1.0,10.0,1.0,0.6,0.7499999999999999,1.0,3.0,0.6666666666666666,0.8,0.7272727272727272,1.0,6.0,1.0,0.8,0.888888888888889,1.0,4.0,1.0,0.6,0.7499999999999999,1.0,3.0,1.0,0.8,0.888888888888889,1.0,4.0,complete,
cc1,continuous,500,50,1.0,19,3819042724,m_high,m,50,0.95,2.0,2.0,0.7142857142857143,1.0,0.8333333333333333,0.0,7.0,1.0,1.0,1.0,0.0,5.0,0.8333333333333334,1.0,0.9090909090909091,0.0,6.0,1.0,1.0,1.0,0.0,5.0,1.0,0.8,0.888888888888889,1.0,4.0,1.0,0.8,0.888888888888889,1.0,4.0,complete,
cc1,continuous,500,50,1.0,19,3819042724,beta_low,beta,20,0.95,1.0,2.0,1.0,1.0,1.0,0.0,5.0,1.0,1.0,1.0,0.0,5.0,1.0,1.0,1.0,0.0,5.0,1.0,0.8,0.888888888888889,1.0,4.0,1.0,0.6,0.7499999999999999,1.0,3.0,1.0,0.8,0.888888888888889,1.0,4.0,complete,
cc1,continuous,500,50,1.0,19,3819042724,beta_high,beta,20,0.95,3.0,2.0,0.7142857142857143,1.0,0.8333333333333333,0.0,7.0,1.0,0.6,0.7499999999999999,1.0,3.0,1.0,0.8,0.888888888888889,1.0,4.0,1.0,0.8,0.888888888888889,1.0,4.0,1.0,0.6,0.7499999999999999,1.0,3.0,1.0,0.8,0.888888888888889,1.0,4.0,complete,
cc1,continuous,500,50,1.0,19,3819042724,k_low,k,20,0.95,2.0,1.0,0.5714285714285714,0.8,0.6666666666666666,1.0,7.0,1.0,0.4,0.5714285714285715,1.0,2.0,1.0,0.8,0.888888888888889,1.0,4.0,1.0,0.8,0.888888888888889,1.0,4.0,1.0,0.6,0.7499999999999999,1.0,3.0,1.0,0.8,0.888888888888889,1.0,4.0,complete,
cc1,continuous,500,50,1.0,19,3819042724,k_high,k,20,0.95,2.0,3.0,0.6666666666666666,0.8,0.7272727272727272,1.0,6.0,1.0,0.8,0.888888888888889,1.0,4.0,0.8,0.8,0.8000000000000002,1.0,5.0,1.0,0.8,0.888888888888889,1.0,4.0,1.0,0.8,0.888888888888889,1.0,4.0,1.0,0.8,0.888888888888889,1.0,4.0,complete,
cc1,continuous,500,50,1.0,20,3509053894,reference,reference,20,0.95,2.0,2.0,0.8333333333333334,1.0,0.9090909090909091,0.0,6.0,1.0,1.0,1.0,0.0,5.0,0.8333333333333334,1.0,0.9090909090909091,0.0,6.0,1.0,1.0,1.0,0.0,5.0,1.0,0.6,0.7499999999999999,1.0,3.0,1.0,0.8,0.888888888888889,1.0,4.0,complete,
cc1,continuous,500,50,1.0,20,3509053894,m_low,m,10,0.95,2.0,2.0,0.7142857142857143,1.0,0.8333333333333333,0.0,7.0,1.0,0.4,0.5714285714285715,1.0,2.0,0.8,0.8,0.8000000000000002,1.0,5.0,1.0,1.0,1.0,0.0,5.0,1.0,0.6,0.7499999999999999,1.0,3.0,1.0,1.0,1.0,0.0,5.0,complete,
cc1,continuous,500,50,1.0,20,3509053894,m_high,m,50,0.95,2.0,2.0,0.7142857142857143,1.0,0.8333333333333333,0.0,7.0,1.0,1.0,1.0,0.0,5.0,1.0,1.0,1.0,0.0,5.0,1.0,1.0,1.0,0.0,5.0,1.0,0.8,0.888888888888889,1.0,4.0,1.0,1.0,1.0,0.0,5.0,complete,
cc1,continuous,500,50,1.0,20,3509053894,beta_low,beta,20,0.95,1.0,2.0,0.7142857142857143,1.0,0.8333333333333333,0.0,7.0,1.0,1.0,1.0,0.0,5.0,1.0,1.0,1.0,0.0,5.0,1.0,1.0,1.0,0.0,5.0,1.0,0.8,0.888888888888889,1.0,4.0,1.0,1.0,1.0,0.0,5.0,complete,
cc1,continuous,500,50,1.0,20,3509053894,beta_high,beta,20,0.95,3.0,2.0,0.8333333333333334,1.0,0.9090909090909091,0.0,6.0,1.0,0.8,0.888888888888889,1.0,4.0,1.0,0.8,0.888888888888889,1.0,4.0,1.0,1.0,1.0,0.0,5.0,1.0,0.6,0.7499999999999999,1.0,3.0,1.0,1.0,1.0,0.0,5.0,complete,
cc1,continuous,500,50,1.0,20,3509053894,k_low,k,20,0.95,2.0,1.0,0.7142857142857143,1.0,0.8333333333333333,0.0,7.0,1.0,0.8,0.888888888888889,1.0,4.0,1.0,0.8,0.888888888888889,1.0,4.0,1.0,1.0,1.0,0.0,5.0,1.0,0.6,0.7499999999999999,1.0,3.0,1.0,1.0,1.0,0.0,5.0,complete,
cc1,continuous,500,50,1.0,20,3509053894,k_high,k,20,0.95,2.0,3.0,1.0,1.0,1.0,0.0,5.0,1.0,0.6,0.7499999999999999,1.0,3.0,1.0,1.0,1.0,0.0,5.0,1.0,1.0,1.0,0.0,5.0,1.0,0.4,0.5714285714285715,1.0,2.0,1.0,1.0,1.0,0.0,5.0,complete,
cc1,continuous,500,50,1.0,21,3283397225,reference,reference,20,0.95,2.0,2.0,0.7142857142857143,1.0,0.8333333333333333,0.0,7.0,1.0,0.8,0.888888888888889,1.0,4.0,1.0,0.8,0.888888888888889,1.0,4.0,1.0,0.8,0.888888888888889,1.0,4.0,1.0,0.6,0.7499999999999999,1.0,3.0,1.0,0.8,0.888888888888889,1.0,4.0,complete,
cc1,continuous,500,50,1.0,21,3283397225,m_low,m,10,0.95,2.0,2.0,0.625,1.0,0.7692307692307693,0.0,8.0,1.0,0.2,0.33333333333333337,1.0,1.0,0.8,0.8,0.8000000000000002,1.0,5.0,1.0,1.0,1.0,0.0,5.0,1.0,0.6,0.7499999999999999,1.0,3.0,1.0,1.0,1.0,0.0,5.0,complete,
cc1,continuous,500,50,1.0,21,3283397225,m_high,m,50,0.95,2.0,2.0,1.0,1.0,1.0,0.0,5.0,1.0,1.0,1.0,0.0,5.0,1.0,1.0,1.0,0.0,5.0,1.0,1.0,1.0,0.0,5.0,1.0,0.8,0.888888888888889,1.0,4.0,1.0,1.0,1.0,0.0,5.0,complete,
cc1,continuous,500,50,1.0,21,3283397225,beta_low,beta,20,0.95,1.0,2.0,0.7142857142857143,1.0,0.8333333333333333,0.0,7.0,1.0,0.6,0.7499999999999999,1.0,3.0,1.0,0.8,0.888888888888889,1.0,4.0,1.0,1.0,1.0,0.0,5.0,1.0,0.6,0.7499999999999999,1.0,3.0,1.0,0.8,0.888888888888889,1.0,4.0,complete,
cc1,continuous,500,50,1.0,21,3283397225,beta_high,beta,20,0.95,3.0,2.0,0.8,0.8,0.8000000000000002,1.0,5.0,1.0,0.8,0.888888888888889,1.0,4.0,1.0,0.8,0.888888888888889,1.0,4.0,1.0,0.8,0.888888888888889,1.0,4.0,1.0,0.6,0.7499999999999999,1.0,3.0,1.0,0.8,0.888888888888889,1.0,4.0,complete,
cc1,continuous,500,50,1.0,21,3283397225,k_low,k,20,0.95,2.0,1.0,1.0,0.8,0.888888888888889,1.0,4.0,1.0,0.8,0.888888888888889,1.0,4.0,1.0,0.8,0.888888888888889,1.0,4.0,1.0,0.8,0.888888888888889,1.0,4.0,1.0,0.6,0.7499999999999999,1.0,3.0,1.0,0.8,0.888888888888889,1.0,4.0,complete,
cc1,continuous,500,50,1.0,21,3283397225,k_high,k,20,0.95,2.0,3.0,1.0,0.8,0.888888888888889,1.0,4.0,1.0,0.8,0.888888888888889,1.0,4.0,1.0,0.8,0.888888888888889,1.0,4.0,1.0,0.8,0.888888888888889,1.0,4.0,1.0,0.6,0.7499999999999999,1.0,3.0,1.0,0.8,0.888888888888889,1.0,4.0,complete,
cc1,continuous,500,50,1.0,22,3554471733,reference,reference,20,0.95,2.0,2.0,0.7142857142857143,1.0,0.8333333333333333,0.0,7.0,1.0,0.6,0.7499999999999999,1.0,3.0,0.8333333333333334,1.0,0.9090909090909091,0.0,6.0,1.0,0.8,0.888888888888889,1.0,4.0,1.0,0.6,0.7499999999999999,1.0,3.0,1.0,0.8,0.888888888888889,1.0,4.0,complete,
cc1,continuous,500,50,1.0,22,3554471733,m_low,m,10,0.95,2.0,2.0,0.7142857142857143,1.0,0.8333333333333333,0.0,7.0,1.0,0.8,0.888888888888889,1.0,4.0,0.8,0.8,0.8000000000000002,1.0,5.0,1.0,1.0,1.0,0.0,5.0,1.0,0.4,0.5714285714285715,1.0,2.0,1.0,1.0,1.0,0.0,5.0,complete,
cc1,continuous,500,50,1.0,22,3554471733,m_high,m,50,0.95,2.0,2.0,0.8333333333333334,1.0,0.9090909090909091,0.0,6.0,1.0,1.0,1.0,0.0,5.0,1.0,1.0,1.0,0.0,5.0,1.0,1.0,1.0,0.0,5.0,1.0,0.6,0.7499999999999999,1.0,3.0,1.0,1.0,1.0,0.0,5.0,complete,
cc1,continuous,500,50,1.0,22,3554471733,beta_low,beta,20,0.95,1.0,2.0,1.0,1.0,1.0,0.0,5.0,1.0,1.0,1.0,0.0,5.0,1.0,1.0,1.0,0.0,5.0,1.0,1.0,1.0,0.0,5.0,1.0,0.6,0.7499999999999999,1.0,3.0,1.0,0.8,0.888888888888889,1.0,4.0,complete,
cc1,continuous,500,50,1.0,22,3554471733,beta_high,beta,20,0.95,3.0,2.0,1.0,1.0,1.0,0.0,5.0,1.0,0.6,0.7499999999999999,1.0,3.0,1.0,1.0,1.0,0.0,5.0,1.0,1.0,1.0,0.0,5.0,1.0,0.6,0.7499999999999999,1.0,3.0,1.0,0.8,0.888888888888889,1.0,4.0,complete,
cc1,continuous,500,50,1.0,22,3554471733,k_low,k,20,0.95,2.0,1.0,0.625,1.0,0.7692307692307693,0.0,8.0,1.0,0.6,0.7499999999999999,1.0,3.0,1.0,1.0,1.0,0.0,5.0,1.0,1.0,1.0,0.0,5.0,1.0,0.6,0.7499999999999999,1.0,3.0,1.0,0.8,0.888888888888889,1.0,4.0,complete,
cc1,continuous,500,50,1.0,22,3554471733,k_high,k,20,0.95,2.0,3.0,0.8333333333333334,1.0,0.9090909090909091,0.0,6.0,1.0,0.8,0.888888888888889,1.0,4.0,1.0,1.0,1.0,0.0,5.0,1.0,1.0,1.0,0.0,5.0,1.0,0.6,0.7499999999999999,1.0,3.0,1.0,1.0,1.0,0.0,5.0,complete,
cc1,continuous,500,50,1.0,23,2743835739,reference,reference,20,0.95,2.0,2.0,0.8333333333333334,1.0,0.9090909090909091,0.0,6.0,1.0,1.0,1.0,0.0,5.0,1.0,0.8,0.888888888888889,1.0,4.0,1.0,0.8,0.888888888888889,1.0,4.0,1.0,0.6,0.7499999999999999,1.0,3.0,1.0,0.8,0.888888888888889,1.0,4.0,complete,
cc1,continuous,500,50,1.0,23,2743835739,m_low,m,10,0.95,2.0,2.0,0.5,0.8,0.6153846153846154,1.0,8.0,0.75,0.6,0.6666666666666665,1.0,4.0,0.75,0.6,0.6666666666666665,1.0,4.0,1.0,1.0,1.0,0.0,5.0,1.0,0.4,0.5714285714285715,1.0,2.0,1.0,0.8,0.888888888888889,1.0,4.0,complete,
cc1,continuous,500,50,1.0,23,2743835739,m_high,m,50,0.95,2.0,2.0,1.0,1.0,1.0,0.0,5.0,1.0,1.0,1.0,0.0,5.0,1.0,1.0,1.0,0.0,5.0,1.0,1.0,1.0,0.0,5.0,1.0,0.8,0.888888888888889,1.0,4.0,1.0,1.0,1.0,0.0,5.0,complete,
cc1,continuous,500,50,1.0,23,2743835739,beta_low,beta,20,0.95,1.0,2.0,0.7142857142857143,1.0,0.8333333333333333,0.0,7.0,1.0,1.0,1.0,0.0,5.0,1.0,1.0,1.0,0.0,5.0,1.0,1.0,1.0,0.0,5.0,1.0,0.6,0.7499999999999999,1.0,3.0,1.0,0.8,0.888888888888889,1.0,4.0,complete,
cc1,continuous,500,50,1.0,23,2743835739,beta_high,beta,20,0.95,3.0,2.0,0.8333333333333334,1.0,0.9090909090909091,0.0,6.0,1.0,0.8,0.888888888888889,1.0,4.0,1.0,0.8,0.888888888888889,1.0,4.0,1.0,0.8,0.888888888888889,1.0,4.0,1.0,0.6,0.7499999999999999,1.0,3.0,1.0,0.8,0.888888888888889,1.0,4.0,complete,
cc1,continuous,500,50,1.0,23,2743835739,k_low,k,20,0.95,2.0,1.0,0.5,0.8,0.6153846153846154,1.0,8.0,1.0,0.6,0.7499999999999999,1.0,3.0,1.0,0.8,0.888888888888889,1.0,4.0,1.0,0.8,0.888888888888889,1.0,4.0,1.0,0.6,0.7499999999999999,1.0,3.0,1.0,0.8,0.888888888888889,1.0,4.0,complete,
cc1,continuous,500,50,1.0,23,2743835739,k_high,k,20,0.95,2.0,3.0,0.8333333333333334,1.0,0.9090909090909091,0.0,6.0,1.0,0.8,0.888888888888889,1.0,4.0,1.0,1.0,1.0,0.0,5.0,1.0,0.8,0.888888888888889,1.0,4.0,1.0,0.6,0.7499999999999999,1.0,3.0,1.0,0.8,0.888888888888889,1.0,4.0,complete,
cc1,continuous,500,50,1.0,24,2834737526,reference,reference,20,0.95,2.0,2.0,1.0,1.0,1.0,0.0,5.0,1.0,1.0,1.0,0.0,5.0,1.0,1.0,1.0,0.0,5.0,1.0,0.8,0.888888888888889,1.0,4.0,1.0,0.6,0.7499999999999999,1.0,3.0,1.0,0.8,0.888888888888889,1.0,4.0,complete,
cc1,continuous,500,50,1.0,24,2834737526,m_low,m,10,0.95,2.0,2.0,0.8333333333333334,1.0,0.9090909090909091,0.0,6.0,1.0,0.4,0.5714285714285715,1.0,2.0,1.0,0.8,0.888888888888889,1.0,4.0,1.0,0.8,0.888888888888889,1.0,4.0,1.0,0.4,0.5714285714285715,1.0,2.0,1.0,0.8,0.888888888888889,1.0,4.0,complete,
cc1,continuous,500,50,1.0,24,2834737526,m_high,m,50,0.95,2.0,2.0,0.8333333333333334,1.0,0.9090909090909091,0.0,6.0,1.0,1.0,1.0,0.0,5.0,0.8333333333333334,1.0,0.9090909090909091,0.0,6.0,1.0,1.0,1.0,0.0,5.0,1.0,0.6,0.7499999999999999,1.0,3.0,1.0,1.0,1.0,0.0,5.0,complete,
cc1,continuous,500,50,1.0,24,2834737526,beta_low,beta,20,0.95,1.0,2.0,0.625,1.0,0.7692307692307693,0.0,8.0,1.0,1.0,1.0,0.0,5.0,1.0,1.0,1.0,0.0,5.0,1.0,1.0,1.0,0.0,5.0,1.0,0.6,0.7499999999999999,1.0,3.0,1.0,0.8,0.888888888888889,1.0,4.0,complete,
cc1,continuous,500,50,1.0,24,2834737526,beta_high,beta,20,0.95,3.0,2.0,1.0,1.0,1.0,0.0,5.0,1.0,0.4,0.5714285714285715,1.0,2.0,1.0,0.6,0.7499999999999999,1.0,3.0,1.0,0.8,0.888888888888889,1.0,4.0,1.0,0.6,0.7499999999999999,1.0,3.0,1.0,0.8,0.888888888888889,1.0,4.0,complete,
cc1,continuous,500,50,1.0,24,2834737526,k_low,k,20,0.95,2.0,1.0,1.0,1.0,1.0,0.0,5.0,1.0,0.6,0.7499999999999999,1.0,3.0,1.0,0.8,0.888888888888889,1.0,4.0,1.0,0.8,0.888888888888889,1.0,4.0,1.0,0.6,0.7499999999999999,1.0,3.0,1.0,0.8,0.888888888888889,1.0,4.0,complete,
cc1,continuous,500,50,1.0,24,2834737526,k_high,k,20,0.95,2.0,3.0,0.8333333333333334,1.0,0.9090909090909091,0.0,6.0,1.0,0.6,0.7499999999999999,1.0,3.0,1.0,0.6,0.7499999999999999,1.0,3.0,1.0,0.8,0.888888888888889,1.0,4.0,1.0,0.6,0.7499999999999999,1.0,3.0,1.0,0.8,0.888888888888889,1.0,4.0,complete,
cc1,continuous,500,50,1.0,25,962141945,reference,reference,20,0.95,2.0,2.0,1.0,1.0,1.0,0.0,5.0,1.0,0.8,0.888888888888889,1.0,4.0,1.0,0.8,0.888888888888889,1.0,4.0,1.0,0.8,0.888888888888889,1.0,4.0,1.0,0.6,0.7499999999999999,1.0,3.0,1.0,0.8,0.888888888888889,1.0,4.0,complete,
cc1,continuous,500,50,1.0,25,962141945,m_low,m,10,0.95,2.0,2.0,0.5555555555555556,1.0,0.7142857142857143,0.0,9.0,1.0,0.2,0.33333333333333337,1.0,1.0,0.8,0.8,0.8000000000000002,1.0,5.0,1.0,0.8,0.888888888888889,1.0,4.0,1.0,0.4,0.5714285714285715,1.0,2.0,1.0,0.8,0.888888888888889,1.0,4.0,complete,
cc1,continuous,500,50,1.0,25,962141945,m_high,m,50,0.95,2.0,2.0,0.8333333333333334,1.0,0.9090909090909091,0.0,6.0,1.0,1.0,1.0,0.0,5.0,1.0,1.0,1.0,0.0,5.0,1.0,1.0,1.0,0.0,5.0,1.0,0.6,0.7499999999999999,1.0,3.0,1.0,1.0,1.0,0.0,5.0,complete,
cc1,continuous,500,50,1.0,25,962141945,beta_low,beta,20,0.95,1.0,2.0,0.625,1.0,0.7692307692307693,0.0,8.0,1.0,1.0,1.0,0.0,5.0,1.0,1.0,1.0,0.0,5.0,1.0,1.0,1.0,0.0,5.0,1.0,0.6,0.7499999999999999,1.0,3.0,1.0,0.8,0.888888888888889,1.0,4.0,complete,
cc1,continuous,500,50,1.0,25,962141945,beta_high,beta,20,0.95,3.0,2.0,0.625,1.0,0.7692307692307693,0.0,8.0,1.0,0.8,0.888888888888889,1.0,4.0,0.8333333333333334,1.0,0.9090909090909091,0.0,6.0,1.0,0.8,0.888888888888889,1.0,4.0,1.0,0.6,0.7499999999999999,1.0,3.0,1.0,0.8,0.888888888888889,1.0,4.0,complete,
cc1,continuous,500,50,1.0,25,962141945,k_low,k,20,0.95,2.0,1.0,0.8333333333333334,1.0,0.9090909090909091,0.0,6.0,1.0,0.6,0.7499999999999999,1.0,3.0,1.0,1.0,1.0,0.0,5.0,1.0,0.8,0.888888888888889,1.0,4.0,1.0,0.6,0.7499999999999999,1.0,3.0,1.0,0.6,0.7499999999999999,1.0,3.0,complete,
cc1,continuous,500,50,1.0,25,962141945,k_high,k,20,0.95,2.0,3.0,0.7142857142857143,1.0,0.8333333333333333,0.0,7.0,1.0,0.4,0.5714285714285715,1.0,2.0,1.0,0.8,0.888888888888889,1.0,4.0,1.0,0.8,0.888888888888889,1.0,4.0,1.0,0.6,0.7499999999999999,1.0,3.0,1.0,0.8,0.888888888888889,1.0,4.0,complete,
cc1,continuous,500,50,1.0,26,2795909366,reference,reference,20,0.95,2.0,2.0,0.8333333333333334,1.0,0.9090909090909091,0.0,6.0,1.0,0.8,0.888888888888889,1.0,4.0,0.8,0.8,0.8000000000000002,1.0,5.0,1.0,0.8,0.888888888888889,1.0,4.0,1.0,0.4,0.5714285714285715,1.0,2.0,1.0,0.8,0.888888888888889,1.0,4.0,complete,
cc1,continuous,500,50,1.0,26,2795909366,m_low,m,10,0.95,2.0,2.0,0.7142857142857143,1.0,0.8333333333333333,0.0,7.0,0.0,0.0,0.0,1.0,0.0,1.0,0.6,0.7499999999999999,1.0,3.0,1.0,0.8,0.888888888888889,1.0,4.0,1.0,0.2,0.33333333333333337,1.0,1.0,1.0,0.8,0.888888888888889,1.0,4.0,complete,
cc1,continuous,500,50,1.0,26,2795909366,m_high,m,50,0.95,2.0,2.0,1.0,1.0,1.0,0.0,5.0,1.0,1.0,1.0,0.0,5.0,1.0,1.0,1.0,0.0,5.0,1.0,0.8,0.888888888888889,1.0,4.0,1.0,0.6,0.7499999999999999,1.0,3.0,1.0,0.8,0.888888888888889,1.0,4.0,complete,
cc1,continuous,500,50,1.0,26,2795909366,beta_low,beta,20,0.95,1.0,2.0,0.7142857142857143,1.0,0.8333333333333333,0.0,7.0,1.0,0.8,0.888888888888889,1.0,4.0,1.0,1.0,1.0,0.0,5.0,1.0,0.8,0.888888888888889,1.0,4.0,1.0,0.6,0.7499999999999999,1.0,3.0,1.0,0.8,0.888888888888889,1.0,4.0,complete,
cc1,continuous,500,50,1.0,26,2795909366,beta_high,beta,20,0.95,3.0,2.0,0.7142857142857143,1.0,0.8333333333333333,0.0,7.0,1.0,0.8,0.888888888888889,1.0,4.0,0.8333333333333334,1.0,0.9090909090909091,0.0,6.0,1.0,0.8,0.888888888888889,1.0,4.0,1.0,0.4,0.5714285714285715,1.0,2.0,1.0,0.8,0.888888888888889,1.0,4.0,complete,
cc1,continuous,500,50,1.0,26,2795909366,k_low,k,20,0.95,2.0,1.0,0.8333333333333334,1.0,0.9090909090909091,0.0,6.0,1.0,0.8,0.888888888888889,1.0,4.0,1.0,0.8,0.888888888888889,1.0,4.0,1.0,0.8,0.888888888888889,1.0,4.0,1.0,0.4,0.5714285714285715,1.0,2.0,1.0,0.8,0.888888888888889,1.0,4.0,complete,
cc1,continuous,500,50,1.0,26,2795909366,k_high,k,20,0.95,2.0,3.0,0.7142857142857143,1.0,0.8333333333333333,0.0,7.0,1.0,0.8,0.888888888888889,1.0,4.0,0.8,0.8,0.8000000000000002,1.0,5.0,1.0,0.8,0.888888888888889,1.0,4.0,1.0,0.6,0.7499999999999999,1.0,3.0,1.0,0.8,0.888888888888889,1.0,4.0,complete,
cc1,continuous,500,50,1.0,27,1668125283,reference,reference,20,0.95,2.0,2.0,0.7142857142857143,1.0,0.8333333333333333,0.0,7.0,1.0,0.6,0.7499999999999999,1.0,3.0,1.0,1.0,1.0,0.0,5.0,1.0,1.0,1.0,0.0,5.0,1.0,0.8,0.888888888888889,1.0,4.0,1.0,0.8,0.888888888888889,1.0,4.0,complete,
cc1,continuous,500,50,1.0,27,1668125283,m_low,m,10,0.95,2.0,2.0,0.7142857142857143,1.0,0.8333333333333333,0.0,7.0,1.0,0.8,0.888888888888889,1.0,4.0,0.8333333333333334,1.0,0.9090909090909091,0.0,6.0,1.0,1.0,1.0,0.0,5.0,1.0,0.8,0.888888888888889,1.0,4.0,1.0,1.0,1.0,0.0,5.0,complete,
cc1,continuous,500,50,1.0,27,1668125283,m_high,m,50,0.95,2.0,2.0,1.0,1.0,1.0,0.0,5.0,1.0,1.0,1.0,0.0,5.0,1.0,1.0,1.0,0.0,5.0,1.0,1.0,1.0,0.0,5.0,1.0,1.0,1.0,0.0,5.0,1.0,1.0,1.0,0.0,5.0,complete,
cc1,continuous,500,50,1.0,27,1668125283,beta_low,beta,20,0.95,1.0,2.0,1.0,1.0,1.0,0.0,5.0,1.0,0.8,0.888888888888889,1.0,4.0,1.0,0.8,0.888888888888889,1.0,4.0,1.0,0.8,0.888888888888889,1.0,4.0,1.0,0.6,0.7499999999999999,1.0,3.0,1.0,0.8,0.888888888888889,1.0,4.0,complete,
cc1,continuous,500,50,1.0,27,1668125283,beta_high,beta,20,0.95,3.0,2.0,1.0,1.0,1.0,0.0,5.0,1.0,0.8,0.888888888888889,1.0,4.0,1.0,0.8,0.888888888888889,1.0,4.0,1.0,0.8,0.888888888888889,1.0,4.0,1.0,0.8,0.888888888888889,1.0,4.0,1.0,0.8,0.888888888888889,1.0,4.0,complete,
cc1,continuous,500,50,1.0,27,1668125283,k_low,k,20,0.95,2.0,1.0,0.5555555555555556,1.0,0.7142857142857143,0.0,9.0,1.0,1.0,1.0,0.0,5.0,1.0,1.0,1.0,0.0,5.0,1.0,0.8,0.888888888888889,1.0,4.0,1.0,0.8,0.888888888888889,1.0,4.0,1.0,0.8,0.888888888888889,1.0,4.0,complete,
cc1,continuous,500,50,1.0,27,1668125283,k_high,k,20,0.95,2.0,3.0,0.5,1.0,0.6666666666666666,0.0,10.0,1.0,1.0,1.0,0.0,5.0,0.8333333333333334,1.0,0.9090909090909091,0.0,6.0,1.0,1.0,1.0,0.0,5.0,1.0,0.8,0.888888888888889,1.0,4.0,1.0,0.8,0.888888888888889,1.0,4.0,complete,
cc1,continuous,500,50,1.0,28,2303602950,reference,reference,20,0.95,2.0,2.0,0.8333333333333334,1.0,0.9090909090909091,0.0,6.0,1.0,1.0,1.0,0.0,5.0,1.0,1.0,1.0,0.0,5.0,1.0,1.0,1.0,0.0,5.0,1.0,0.4,0.5714285714285715,1.0,2.0,1.0,1.0,1.0,0.0,5.0,complete,
cc1,continuous,500,50,1.0,28,2303602950,m_low,m,10,0.95,2.0,2.0,0.7142857142857143,1.0,0.8333333333333333,0.0,7.0,1.0,0.4,0.5714285714285715,1.0,2.0,1.0,1.0,1.0,0.0,5.0,1.0,1.0,1.0,0.0,5.0,1.0,0.4,0.5714285714285715,1.0,2.0,1.0,1.0,1.0,0.0,5.0,complete,
cc1,continuous,500,50,1.0,28,2303602950,m_high,m,50,0.95,2.0,2.0,0.8333333333333334,1.0,0.9090909090909091,0.0,6.0,1.0,1.0,1.0,0.0,5.0,1.0,1.0,1.0,0.0,5.0,1.0,1.0,1.0,0.0,5.0,1.0,0.6,0.7499999999999999,1.0,3.0,1.0,1.0,1.0,0.0,5.0,complete,
cc1,continuous,500,50,1.0,28,2303602950,beta_low,beta,20,0.95,1.0,2.0,0.5714285714285714,0.8,0.6666666666666666,1.0,7.0,1.0,0.8,0.888888888888889,1.0,4.0,0.6666666666666666,0.8,0.7272727272727272,1.0,6.0,1.0,0.8,0.888888888888889,1.0,4.0,1.0,0.6,0.7499999999999999,1.0,3.0,1.0,0.8,0.888888888888889,1.0,4.0,complete,
cc1,continuous,500,50,1.0,28,2303602950,beta_high,beta,20,0.95,3.0,2.0,0.8,0.8,0.8000000000000002,1.0,5.0,1.0,0.8,0.888888888888889,1.0,4.0,1.0,0.8,0.888888888888889,1.0,4.0,1.0,0.8,0.888888888888889,1.0,4.0,1.0,0.6,0.7499999999999999,1.0,3.0,1.0,0.8,0.888888888888889,1.0,4.0,complete,
cc1,continuous,500,50,1.0,28,2303602950,k_low,k,20,0.95,2.0,1.0,0.7142857142857143,1.0,0.8333333333333333,0.0,7.0,1.0,1.0,1.0,0.0,5.0,1.0,1.0,1.0,0.0,5.0,1.0,1.0,1.0,0.0,5.0,1.0,0.6,0.7499999999999999,1.0,3.0,1.0,0.8,0.888888888888889,1.0,4.0,complete,
cc1,continuous,500,50,1.0,28,2303602950,k_high,k,20,0.95,2.0,3.0,1.0,1.0,1.0,0.0,5.0,1.0,0.8,0.888888888888889,1.0,4.0,1.0,1.0,1.0,0.0,5.0,1.0,1.0,1.0,0.0,5.0,1.0,0.6,0.7499999999999999,1.0,3.0,1.0,0.8,0.888888888888889,1.0,4.0,complete,
cc1,continuous,500,50,1.0,29,1972987355,reference,reference,20,0.95,2.0,2.0,0.8333333333333334,1.0,0.9090909090909091,0.0,6.0,1.0,0.6,0.7499999999999999,1.0,3.0,1.0,0.8,0.888888888888889,1.0,4.0,1.0,1.0,1.0,0.0,5.0,1.0,0.4,0.5714285714285715,1.0,2.0,1.0,0.8,0.888888888888889,1.0,4.0,complete,
cc1,continuous,500,50,1.0,29,1972987355,m_low,m,10,0.95,2.0,2.0,1.0,1.0,1.0,0.0,5.0,1.0,0.2,0.33333333333333337,1.0,1.0,1.0,1.0,1.0,0.0,5.0,1.0,1.0,1.0,0.0,5.0,1.0,0.6,0.7499999999999999,1.0,3.0,1.0,1.0,1.0,0.0,5.0,complete,
cc1,continuous,500,50,1.0,29,1972987355,m_high,m,50,0.95,2.0,2.0,1.0,1.0,1.0,0.0,5.0,1.0,1.0,1.0,0.0,5.0,1.0,1.0,1.0,0.0,5.0,1.0,1.0,1.0,0.0,5.0,1.0,0.6,0.7499999999999999,1.0,3.0,1.0,1.0,1.0,0.0,5.0,complete,
cc1,continuous,500,50,1.0,29,1972987355,beta_low,beta,20,0.95,1.0,2.0,0.5555555555555556,1.0,0.7142857142857143,0.0,9.0,1.0,1.0,1.0,0.0,5.0,1.0,1.0,1.0,0.0,5.0,1.0,1.0,1.0,0.0,5.0,1.0,0.6,0.7499999999999999,1.0,3.0,1.0,1.0,1.0,0.0,5.0,complete,
cc1,continuous,500,50,1.0,29,1972987355,beta_high,beta,20,0.95,3.0,2.0,1.0,1.0,1.0,0.0,5.0,1.0,0.4,0.5714285714285715,1.0,2.0,1.0,0.8,0.888888888888889,1.0,4.0,1.0,1.0,1.0,0.0,5.0,1.0,0.4,0.5714285714285715,1.0,2.0,1.0,0.8,0.888888888888889,1.0,4.0,complete,
cc1,continuous,500,50,1.0,29,1972987355,k_low,k,20,0.95,2.0,1.0,1.0,1.0,1.0,0.0,5.0,1.0,0.6,0.7499999999999999,1.0,3.0,1.0,1.0,1.0,0.0,5.0,1.0,1.0,1.0,0.0,5.0,1.0,0.4,0.5714285714285715,1.0,2.0,1.0,1.0,1.0,0.0,5.0,complete,
cc1,continuous,500,50,1.0,29,1972987355,k_high,k,20,0.95,2.0,3.0,0.8333333333333334,1.0,0.9090909090909091,0.0,6.0,1.0,0.8,0.888888888888889,1.0,4.0,1.0,0.8,0.888888888888889,1.0,4.0,1.0,0.8,0.888888888888889,1.0,4.0,1.0,0.6,0.7499999999999999,1.0,3.0,1.0,0.8,0.888888888888889,1.0,4.0,complete,
