Parameter,Value,Precision Raw,Precision LogML,Recall Raw,Recall LogML,F1 Raw,F1 LogML,r_miss Raw,r_miss LogML
m,10.0,0.13 (0.05),0.30 (0.06),0.05 (0.02),0.13 (0.03),0.06 (0.02),0.18 (0.03),100%,100%
m,20.0,0.11 (0.04),0.28 (0.06),0.05 (0.02),0.14 (0.03),0.07 (0.02),0.18 (0.04),100%,100%
m,50.0,0.14 (0.05),0.39 (0.07),0.06 (0.02),0.15 (0.02),0.08 (0.03),0.21 (0.03),100%,100%
β,1.0,0.11 (0.05),0.27 (0.06),0.04 (0.01),0.13 (0.03),0.05 (0.02),0.16 (0.04),100%,100%
β,2.0,0.11 (0.04),0.28 (0.06),0.05 (0.02),0.14 (0.03),0.07 (0.02),0.18 (0.04),100%,100%
β,3.0,0.15 (0.06),0.25 (0.06),0.05 (0.02),0.12 (0.03),0.07 (0.02),0.15 (0.04),100%,100%
k,1.0,0.05 (0.03),0.25 (0.06),0.03 (0.01),0.12 (0.03),0.03 (0.02),0.15 (0.04),100%,100%
k,2.0,0.11 (0.04),0.28 (0.06),0.05 (0.02),0.14 (0.03),0.07 (0.02),0.18 (0.04),100%,100%
k,3.0,0.05 (0.03),0.28 (0.04),0.03 (0.02),0.15 (0.02),0.04 (0.02),0.19 (0.03),100%,100%
